Name,Email,Username,Phone,Age,Address
Abigayle,Aiyana.Zemlak41@gmail.com,Rossie53,1-709-833-2953 x559,73,Zimbabwe
Keith,Keira81@hotmail.com,Keara_Kris67,291-872-4576,21,Christmas Island
Myrtis,Lyric47@hotmail.com,Keyshawn.Turcotte70,1-221-877-6217,71,Canada
Eli,Alexis_Ritchie91@hotmail.com,Cruz_Hackett,1-425-488-4402,69,Pakistan
Haylee,Raegan4@yahoo.com,Cory67,(654) 360-6814 x355,49,Chad
Omari,Kali.Cartwright@yahoo.com,Charity.Ledner,(906) 784-4793,58,Kiribati
Meggie,Emiliano29@gmail.com,Cecelia.Smith22,606.298.0399 x58295,69,Lesotho
Crawford,Nikita60@gmail.com,Alysha.Brakus,331.840.2019 x54400,80,Dominican Republic
Alexandre,Javier75@yahoo.com,Landen_Muller49,665.716.5476,68,Antigua and Barbuda
Heloise,Rebeka.Grimes13@yahoo.com,Deshawn_Gottlieb8,1-713-603-6653 x20993,82,Solomon Islands
Chaim,Myrna29@yahoo.com,Kellie5,605.409.4872 x8539,26,Colombia
Waldo,Isaias_Keebler31@gmail.com,Wendell.Cremin69,1-678-935-2923 x1894,92,Nicaragua
Ova,Eloy_Hudson@hotmail.com,Arden_Pollich-Rath,1-665-202-9650 x4555,21,Liberia
Orpha,Allene_Walter@hotmail.com,Tyrique.Haag,1-279-326-5597 x9165,57,Isle of Man
Audrey,Marco_Koch@hotmail.com,Damaris.Fay20,(609) 461-9317 x095,58,Sri Lanka
Anthony,Reed54@yahoo.com,Daron_Bauch,(923) 468-0579,40,New Caledonia
Alejandra,Zachery.Schiller80@gmail.com,Dwight.Ferry37,1-601-718-7409 x719,66,Mauritania
Maiya,Dan.Larkin90@gmail.com,Janick17,402.782.6882,23,Burkina Faso
Oma,Horacio.Stehr18@gmail.com,Jett.Kutch,(878) 765-2597 x024,39,Eritrea
Keara,Scottie51@gmail.com,Francisca47,366.810.1457,90,Romania
